K3 Dierenhotel;2014;Bart van Leemputten
Dance Academy: The Movie;2017;Jeffrey Walker
Single by Contract;2010;Marc Rothemund
"Cowboys &amp; Aliens";2011;Jon Favreau
17 Again;2009;Burr Steers
Cars 2;2011;John Lasseter:Brad Lewis
Cannonball Run II;1984;Hal Needham
Neighbors 2: Sorority Rising;2016;Nicholas Stoller
The Last Legion;2007;Doug Lefler
K3 Dierenhotel;2014;Bart van Leemputten
Dance Academy: The Movie;2017;Jeffrey Walker
Single by Contract;2010;Marc Rothemund
"Cowboys &amp; Aliens";2011;Jon Favreau
17 Again;2009;Burr Steers
Cars 2;2011;John Lasseter:Brad Lewis
Cannonball Run II;1984;Hal Needham
Neighbors 2: Sorority Rising;2016;Nicholas Stoller
The Last Legion;2007;Doug Lefler
